Task ID,Task Type,Status,Length,Priority,Resource Requirement,Min Start Time,Dependencies
T0,C,Running,5,7,12,9,
T1,A,Not Running,1,2,18,3,T0
T2,D,Running,2,9,4,0,"T1, T0"
T3,B,Not Running,5,10,11,6,"T1, T0, T2"
T4,D,Not Running,4,4,10,6,"T1, T3"
T5,C,Running,2,2,5,2,"T0, T4, T3, T1"
T6,B,Not Running,5,4,11,6,"T0, T4"
T7,C,Not Running,3,8,2,2,"T5, T1, T4, T3"
T8,A,Running,1,3,9,9,"T0, T2"
T9,D,Running,5,2,10,4,T8
T10,D,Running,1,9,9,3,"T7, T3, T4, T1, T5"
T11,D,Running,4,6,5,6,
T12,D,Not Running,3,6,2,5,
T13,B,Not Running,4,8,3,2,
T14,B,Running,5,6,2,1,"T3, T1, T2"
T15,B,Not Running,3,3,12,5,
T16,B,Running,1,2,3,1,"T3, T10, T5, T11"
T17,B,Not Running,1,5,11,3,"T15, T1, T10, T11"
T18,A,Running,3,1,15,5,"T17, T1, T11"
T19,C,Running,1,2,16,5,"T17, T14, T5, T3, T12"
T20,D,Not Running,1,4,2,0,"T7, T2, T8, T14"
T21,B,Running,4,9,13,7,"T11, T9, T16, T20"
T22,C,Running,1,6,9,4,
T23,B,Running,3,8,8,3,T4
T24,D,Running,1,1,6,9,"T13, T2, T5"
T25,B,Not Running,3,8,9,10,T1
T26,A,Running,5,9,5,4,"T0, T4, T5, T11"
T27,C,Running,4,4,18,3,"T18, T1"
T28,D,Not Running,3,6,8,10,"T19, T16, T13, T25"
T29,D,Running,1,7,2,9,
T30,C,Not Running,4,4,8,0,
T31,C,Running,3,8,10,0,"T30, T18, T8"
T32,B,Not Running,2,9,2,7,
T33,B,Not Running,3,2,16,2,
T34,A,Running,2,7,2,10,"T15, T16, T7, T27"
T35,D,Running,1,7,2,5,"T16, T12, T27, T25, T28"
T36,D,Not Running,2,7,1,5,
T37,D,Not Running,5,5,3,9,"T25, T0, T11, T32"
T38,C,Running,3,2,12,7,"T20, T23, T22"
T39,B,Running,2,3,11,6,"T30, T5, T22"
T40,B,Running,3,5,13,9,"T21, T24, T23, T4"
T41,D,Not Running,1,3,9,4,"T16, T36, T28, T4, T21"
T42,D,Not Running,1,9,5,8,"T30, T32, T33, T17, T12"
T43,C,Running,3,4,9,1,
T44,A,Running,3,1,2,10,T10
T45,B,Running,2,9,11,5,"T44, T27, T4"
T46,D,Not Running,5,1,2,7,T26
T47,B,Running,4,6,11,3,"T24, T19, T29, T1"
T48,C,Running,1,4,16,8,
T49,B,Running,3,1,2,6,T35
T50,B,Running,4,8,3,2,T48
T51,A,Running,4,10,17,7,T45
T52,D,Not Running,5,5,1,6,
T53,C,Running,1,7,9,10,"T49, T3"
T54,B,Not Running,5,10,1,10,"T39, T31, T2"
T55,C,Running,2,4,14,5,"T54, T6, T39, T48, T4"
T56,A,Running,3,10,17,4,"T24, T20, T19, T3, T31"
T57,C,Running,1,10,7,7,
T58,C,Not Running,5,3,16,7,"T56, T33, T5, T42"
T59,D,Running,4,5,5,5,"T17, T38, T25"
T60,C,Running,1,5,17,1,"T24, T14"
T61,C,Running,4,3,17,5,"T55, T43, T9"
T62,D,Not Running,4,8,4,1,"T4, T2"
T63,B,Running,4,3,4,10,"T35, T34, T36"
T64,B,Running,3,2,13,1,"T20, T30"
T65,B,Not Running,4,8,4,10,"T31, T59"
T66,A,Running,2,4,10,7,"T30, T31, T28"
T67,D,Not Running,1,9,3,8,"T39, T63"
T68,C,Not Running,4,7,14,5,
T69,B,Not Running,4,9,2,5,"T23, T62, T2, T9, T20"
T70,B,Running,1,10,4,5,
T71,D,Not Running,3,4,9,3,
T72,C,Running,2,5,16,1,"T31, T68, T54"
T73,D,Not Running,1,1,10,2,T37
T74,D,Not Running,1,8,1,10,"T41, T65, T14"
T75,C,Running,2,5,6,10,T5
T76,C,Running,4,6,9,8,"T4, T66, T40, T46"
T77,D,Not Running,3,6,9,1,
T78,D,Running,5,6,9,4,"T53, T22"
T79,B,Not Running,4,7,13,5,
T80,C,Running,4,6,14,6,T32
T81,B,Not Running,1,2,6,3,"T19, T20, T75, T57, T11"
T82,A,Running,4,7,20,3,
T83,D,Running,1,4,1,1,"T64, T82, T21, T53, T59"
T84,D,Running,5,8,1,4,"T11, T2, T49"
T85,D,Not Running,2,9,8,6,T20
T86,B,Running,3,7,3,1,
T87,B,Running,5,5,10,3,"T59, T52, T81"
T88,D,Running,5,10,8,0,"T30, T4, T70, T2"
T89,B,Not Running,5,4,12,9,"T66, T47"
T90,A,Running,2,9,9,3,"T27, T47"
T91,A,Running,3,10,9,4,"T2, T21, T53, T83"
T92,D,Not Running,2,9,3,4,
T93,D,Not Running,1,4,4,7,"T59, T88, T30, T41"
T94,C,Not Running,3,4,17,6,T43
T95,A,Running,5,9,19,6,"T90, T8, T6, T24, T20"
T96,C,Running,1,5,5,1,"T60, T27, T12, T37, T29"
T97,B,Running,2,6,5,3,
T98,B,Not Running,4,4,13,10,"T19, T6, T35"
T99,B,Running,2,7,4,7,T75
T100,A,Running,1,7,10,7,
T101,D,Running,3,8,9,10,"T36, T76, T53, T69"
T102,C,Running,1,1,17,3,"T50, T76"
T103,A,Not Running,3,3,6,2,
T104,A,Running,5,3,6,7,
T105,D,Not Running,4,3,10,2,
T106,B,Not Running,5,4,13,10,"T18, T68, T90"
T107,D,Running,3,10,5,2,"T23, T22, T74, T72, T38"
T108,C,Not Running,5,1,6,1,T94
T109,A,Not Running,1,7,6,4,"T67, T36, T97, T9, T0"
T110,B,Not Running,3,6,12,6,"T25, T87, T1, T60"
T111,B,Running,5,7,6,10,"T42, T74"
T112,A,Not Running,5,5,17,1,"T63, T58, T35, T66"
T113,C,Running,2,9,7,6,T45
T114,D,Running,5,10,3,5,"T24, T75"
T115,C,Running,5,8,1,2,"T97, T84"
T116,C,Not Running,4,9,12,7,"T58, T55"
T117,B,Running,1,8,14,0,"T14, T1, T18"
T118,C,Running,5,6,10,8,"T2, T99, T26, T47, T80"
T119,C,Running,5,3,13,1,"T48, T78, T38"
T120,B,Running,5,1,7,1,"T6, T115, T97, T24, T96"
T121,D,Running,1,3,8,7,"T56, T21"
T122,C,Not Running,3,7,8,2,"T18, T112, T12, T32"
T123,B,Running,3,10,12,10,
T124,B,Running,4,8,3,7,
T125,A,Running,5,10,8,2,"T57, T123, T104"
T126,B,Running,4,6,7,3,T54
T127,B,Running,2,10,12,8,"T92, T109, T11, T110"
T128,A,Running,1,7,10,4,"T115, T73"
T129,D,Running,5,3,8,5,"T32, T120, T70, T117"
T130,A,Not Running,3,3,1,1,"T125, T47"
T131,A,Not Running,2,4,18,0,"T88, T84, T57, T86, T72"
T132,D,Running,4,5,3,10,"T55, T120"
T133,A,Not Running,5,1,4,3,T74
T134,C,Running,5,4,11,10,T112
T135,B,Running,2,10,1,3,"T102, T104, T47, T123, T126"
T136,B,Running,2,5,3,8,"T95, T81, T115"
T137,A,Not Running,3,10,17,4,
T138,B,Not Running,1,5,5,3,"T42, T84, T57, T3"
T139,B,Running,5,4,9,3,"T130, T39, T135, T27"
T140,D,Running,1,5,7,9,"T111, T38, T87, T50, T26"
T141,C,Not Running,1,9,7,1,"T12, T4, T45"
T142,C,Not Running,3,1,15,2,"T13, T123, T119, T26, T11"
T143,C,Running,3,8,16,5,
T144,A,Running,4,6,7,3,"T69, T141"
T145,B,Running,3,10,16,8,"T23, T105, T81, T90, T18"
T146,D,Running,2,2,3,6,"T132, T17, T126"
T147,B,Running,3,10,4,2,"T48, T51, T15, T29, T33"
T148,B,Not Running,3,4,5,7,"T132, T10, T72, T24, T51"
T149,D,Not Running,5,3,6,6,"T75, T10, T77, T117, T120"
T150,C,Running,5,7,17,5,T117
T151,C,Running,2,4,10,5,"T141, T116, T49, T59, T145"
T152,C,Running,5,5,6,7,"T80, T139"
T153,C,Not Running,3,5,18,1,"T19, T98, T56, T104"
T154,D,Not Running,3,3,8,6,"T50, T99, T130, T52, T20"
T155,B,Not Running,5,8,2,10,"T98, T62, T40, T115, T31"
T156,A,Running,1,7,1,8,"T4, T87"
T157,C,Running,5,8,4,6,"T42, T24, T65"
T158,B,Not Running,4,1,6,9,"T131, T141, T75"
T159,A,Not Running,3,7,3,1,"T32, T47"
T160,D,Not Running,2,4,6,8,"T119, T41, T59, T107, T31"
T161,B,Not Running,3,6,6,5,"T24, T35, T40"
T162,D,Running,3,4,5,6,"T117, T12, T73, T37"
T163,C,Not Running,2,5,2,1,"T46, T160, T35, T4"
T164,C,Running,4,2,18,10,"T100, T27, T8, T84"
T165,D,Running,3,7,5,5,"T15, T150"
T166,C,Running,3,2,7,9,"T44, T46, T26"
T167,C,Running,1,1,6,6,"T103, T118"
T168,B,Running,2,8,11,2,T55
T169,A,Not Running,3,10,13,6,T113
T170,B,Not Running,4,4,5,10,
T171,B,Running,4,6,10,6,
T172,B,Not Running,5,5,10,7,T8
T173,C,Running,1,3,15,6,"T42, T97, T145"
T174,D,Running,1,7,7,6,
T175,A,Running,1,5,13,8,"T147, T103"
T176,B,Running,3,3,3,6,"T35, T124, T133, T129"
T177,C,Not Running,4,9,9,6,"T153, T40"
T178,B,Not Running,4,2,10,6,"T83, T114, T54, T75"
T179,B,Not Running,1,10,14,1,"T121, T60, T122"
T180,C,Running,5,1,1,3,T7
T181,A,Not Running,5,4,8,7,"T35, T128, T71"
T182,C,Running,3,9,3,1,"T169, T92, T161, T88"
T183,A,Not Running,2,8,4,5,"T36, T121, T92, T60"
T184,B,Not Running,5,6,16,9,"T63, T58, T29, T113, T177"
T185,C,Running,5,4,12,1,T64
T186,C,Not Running,1,9,14,2,
T187,D,Running,4,4,9,6,T85
T188,C,Running,1,10,5,7,T62
T189,C,Not Running,2,1,6,10,"T180, T136"
T190,B,Not Running,1,7,1,9,"T83, T8, T154, T137"
T191,A,Not Running,5,1,3,2,T84
T192,C,Running,3,10,17,7,
T193,D,Not Running,5,3,1,1,"T116, T21"
T194,D,Not Running,1,1,6,5,"T53, T167, T158, T6, T95"
T195,B,Not Running,5,2,6,8,"T125, T187, T5"
T196,D,Not Running,2,1,3,6,"T8, T167"
T197,B,Running,2,8,8,5,"T28, T102, T76"
T198,D,Not Running,3,9,4,8,"T67, T44, T166, T103, T49"
T199,A,Running,5,7,17,4,T84
T200,D,Running,4,10,6,4,
T201,C,Not Running,3,8,14,5,"T113, T189, T148"
T202,C,Not Running,4,8,15,2,"T62, T193, T7"
T203,A,Not Running,4,8,20,7,"T94, T12"
T204,A,Not Running,2,8,3,10,"T48, T61, T22, T140, T68"
T205,B,Not Running,3,7,16,6,"T143, T110"
T206,D,Running,2,4,9,5,"T155, T27, T47, T185, T197"
T207,A,Not Running,3,6,7,8,
T208,B,Running,4,6,7,10,"T48, T188, T207, T115, T24"
T209,C,Running,5,8,4,7,"T81, T5, T73, T126"
T210,D,Running,1,7,7,3,"T72, T86"
T211,C,Running,3,6,10,0,"T138, T4, T81, T16"
T212,C,Running,2,2,17,10,"T18, T0, T192"
T213,A,Running,3,9,7,9,"T99, T77, T184, T89, T4"
T214,C,Not Running,1,4,11,0,"T180, T8, T91, T133"
T215,A,Running,4,1,14,9,"T171, T29, T43, T80"
T216,C,Running,3,7,16,1,"T53, T89, T0"
T217,B,Not Running,4,5,3,5,
T218,C,Running,2,5,9,9,T94
T219,C,Running,5,4,16,7,T131
T220,B,Running,2,2,11,8,T32
T221,B,Running,3,3,16,7,T82
T222,B,Not Running,2,10,8,0,"T157, T2, T97, T72, T26"
T223,B,Not Running,3,9,4,0,T218
T224,D,Running,5,1,6,9,"T51, T98"
T225,C,Not Running,4,5,4,4,"T163, T193, T105, T115, T187"
T226,A,Not Running,4,4,3,6,"T115, T128, T194, T192"
T227,A,Running,4,10,1,9,"T10, T171, T30"
T228,A,Running,1,3,12,9,"T190, T14, T174, T13, T4"
T229,A,Not Running,1,5,17,8,"T66, T37, T144, T45"
T230,D,Running,4,9,10,10,"T111, T132"
T231,A,Running,1,10,3,7,"T214, T146, T117"
T232,B,Not Running,1,4,5,1,"T29, T42, T148"
T233,D,Not Running,4,6,1,10,
T234,D,Not Running,2,3,10,8,T58
T235,C,Not Running,2,4,2,3,"T231, T159, T106, T22"
T236,D,Not Running,3,2,1,0,"T117, T225, T203, T124, T158"
T237,B,Running,2,10,16,8,"T200, T123, T216"
T238,D,Running,2,8,3,4,
T239,C,Not Running,5,3,3,1,"T44, T172, T52, T193, T140"
T240,D,Not Running,5,6,5,3,"T40, T39"
T241,C,Not Running,5,6,15,10,"T96, T222, T10, T218"
T242,A,Running,1,8,3,7,T161
T243,A,Not Running,2,3,14,0,"T55, T14, T109, T195"
T244,D,Running,3,1,6,10,"T173, T35"
T245,C,Running,5,2,7,9,"T13, T101, T26, T95, T69"
T246,D,Running,3,3,7,6,
T247,C,Running,1,2,1,5,
T248,C,Not Running,5,8,2,6,"T176, T20, T197, T208"
T249,A,Not Running,3,3,8,1,"T247, T129"
T250,B,Not Running,1,6,9,2,T170
T251,A,Not Running,2,1,4,5,"T148, T29, T244"
T252,C,Running,1,7,18,3,"T247, T94, T189, T162, T174"
T253,C,Not Running,1,5,12,0,"T144, T11"
T254,B,Not Running,3,6,1,1,
T255,D,Not Running,2,7,7,5,
T256,A,Not Running,3,2,13,2,"T61, T18"
T257,C,Not Running,4,7,11,8,
T258,B,Running,3,4,5,0,
T259,C,Running,5,4,1,4,"T114, T67, T197, T187, T34"
T260,C,Not Running,3,9,6,2,"T180, T134, T198"
T261,D,Running,3,10,5,5,T252
T262,B,Running,2,3,14,3,"T116, T7"
T263,C,Not Running,4,7,7,6,"T201, T114"
T264,A,Not Running,2,8,13,8,"T159, T210"
T265,A,Running,5,9,1,9,"T169, T226"
T266,B,Not Running,1,7,14,3,"T182, T91, T193, T76"
T267,C,Not Running,3,10,14,5,
T268,A,Running,3,1,8,3,
T269,A,Running,1,9,9,10,T255
T270,C,Running,3,8,10,4,"T139, T95, T131, T33, T171"
T271,D,Not Running,2,4,1,6,"T228, T155, T265"
T272,A,Running,5,6,20,9,T152
T273,C,Not Running,1,9,7,2,"T247, T189, T17, T240"
T274,D,Not Running,5,2,3,2,T254
T275,C,Running,1,8,9,0,"T179, T141, T103"
T276,D,Not Running,2,1,6,10,T173
T277,A,Not Running,4,4,6,4,"T265, T253, T4"
T278,B,Running,2,1,16,4,"T18, T55, T212"
T279,A,Running,5,1,21,1,
T280,D,Not Running,3,6,6,1,T23
T281,B,Running,3,2,6,4,
T282,B,Not Running,1,8,5,9,"T155, T160, T39, T209"
T283,B,Not Running,5,7,12,5,
T284,C,Not Running,4,2,8,9,"T166, T102, T242, T180, T189"
T285,A,Running,4,1,22,5,"T239, T71, T108, T138"
T286,D,Not Running,3,3,2,10,"T91, T95, T42, T195, T222"
T287,A,Not Running,4,8,3,4,
T288,D,Not Running,4,8,3,5,"T234, T31, T110, T6"
T289,C,Running,2,1,7,7,"T190, T123"
T290,A,Not Running,2,6,19,2,
T291,A,Not Running,4,4,14,10,"T218, T175"
T292,D,Not Running,2,5,1,10,"T191, T257"
T293,D,Not Running,1,10,6,2,"T108, T155"
T294,B,Not Running,3,1,3,10,"T161, T181, T118, T130"
T295,B,Not Running,5,9,5,7,"T270, T81"
T296,A,Not Running,1,4,3,3,
T297,C,Not Running,3,3,8,6,"T171, T254, T19"
T298,C,Not Running,5,1,10,5,T285
T299,D,Running,5,5,1,6,"T156, T142, T197, T193, T41"
T300,C,Not Running,4,2,1,0,"T158, T274, T136, T153"
T301,C,Running,3,2,14,10,"T177, T219, T144, T10, T28"
T302,A,Not Running,3,6,10,8,T52
T303,C,Running,4,7,4,0,T216
T304,D,Running,2,3,1,2,
T305,B,Not Running,1,8,3,1,"T213, T244, T302, T180"
T306,B,Not Running,5,4,16,10,"T198, T164, T227, T114"
T307,A,Not Running,5,6,2,6,"T250, T289, T162, T10"
T308,C,Running,5,9,7,10,"T110, T165, T99, T19"
T309,A,Running,5,7,2,6,"T10, T162"
T310,B,Not Running,4,1,8,2,"T131, T187, T11, T154, T196"
T311,B,Running,2,1,15,10,"T306, T152, T303, T149, T187"
T312,B,Not Running,5,3,12,4,"T4, T100, T21"
T313,C,Running,3,1,18,5,"T269, T172, T124, T310, T60"
T314,A,Running,4,10,14,8,"T1, T153, T137"
T315,A,Not Running,3,8,1,5,"T257, T309, T9, T304, T69"
T316,B,Running,1,4,14,2,"T232, T293, T260"
T317,D,Running,2,1,7,2,"T216, T153"
T318,B,Not Running,5,8,15,0,"T90, T109"
T319,C,Not Running,5,10,8,6,"T299, T219, T218"
T320,B,Running,2,7,16,2,"T283, T116"
T321,B,Not Running,5,2,8,10,T115
T322,B,Not Running,1,7,12,9,"T108, T266, T149"
T323,D,Not Running,5,4,6,3,
T324,D,Running,5,6,4,9,"T168, T290"
T325,B,Running,3,10,8,7,"T31, T94, T246, T271"
T326,C,Running,1,2,7,6,"T78, T214, T131"
T327,A,Not Running,5,5,2,7,"T308, T109, T312, T161, T324"
T328,C,Running,1,10,13,3,"T43, T322, T306"
T329,B,Not Running,1,6,2,7,"T35, T101, T223"
T330,C,Running,1,7,13,4,T17
T331,B,Running,5,3,16,8,"T24, T316, T23, T11, T266"
T332,B,Not Running,1,1,15,8,T209
T333,B,Running,4,9,16,3,"T273, T209, T309"
T334,C,Running,5,7,3,5,"T20, T195"
T335,B,Not Running,5,5,14,9,"T261, T319, T196, T1, T153"
T336,D,Not Running,2,9,4,1,"T278, T156"
T337,A,Not Running,5,9,17,9,"T314, T250, T272"
T338,D,Not Running,5,3,3,0,"T310, T65, T90"
T339,A,Not Running,2,3,19,3,"T73, T155"
T340,B,Running,2,5,10,0,T49
T341,B,Not Running,3,3,2,0,T136
T342,C,Not Running,1,3,4,3,"T323, T194, T115, T67"
T343,D,Not Running,4,1,3,9,"T86, T36"
T344,A,Not Running,3,10,2,3,
T345,C,Running,5,10,15,10,T343
T346,A,Running,3,10,13,8,
T347,D,Not Running,3,6,4,9,
T348,B,Running,1,2,12,5,"T171, T190"
T349,D,Running,1,7,7,6,"T41, T107, T206"
T350,D,Running,5,10,1,4,
T351,D,Running,2,6,10,6,
T352,C,Running,5,2,8,5,"T298, T262, T217, T79"
T353,A,Running,2,10,15,3,"T202, T235, T21, T310"
T354,B,Not Running,2,8,11,1,"T174, T223"
T355,B,Running,2,2,14,0,"T9, T352"
T356,C,Running,4,1,11,8,"T147, T101"
T357,D,Not Running,5,10,3,5,"T247, T66"
T358,C,Running,5,5,5,1,"T98, T20, T126"
T359,C,Running,5,8,17,9,
T360,D,Not Running,3,7,4,4,T172
T361,A,Running,1,5,22,8,"T100, T200, T122, T247, T205"
T362,B,Not Running,1,10,13,8,"T290, T284, T30, T173"
T363,C,Not Running,3,8,16,6,"T44, T138, T105, T334"
T364,B,Running,3,6,12,8,"T81, T127, T356, T216, T327"
T365,B,Not Running,4,1,8,4,"T116, T171, T30, T214, T282"
T366,B,Running,1,5,15,1,"T178, T360, T160, T228, T140"
T367,C,Not Running,3,10,5,6,T11
T368,C,Running,4,8,3,9,T158
T369,A,Running,4,1,1,2,
T370,C,Running,3,10,9,4,
T371,A,Not Running,5,4,2,1,"T79, T168"
T372,A,Running,4,10,3,6,
T373,B,Not Running,4,1,16,4,
T374,D,Not Running,5,9,10,9,"T179, T97, T195"
T375,D,Not Running,4,2,3,10,T297
T376,C,Not Running,5,3,18,2,"T300, T277, T371"
T377,D,Running,4,8,3,2,"T227, T282, T123, T203"
T378,C,Running,1,3,4,3,"T49, T88, T35"
T379,D,Not Running,4,8,10,8,T281
T380,A,Not Running,1,7,2,4,T91
T381,A,Not Running,2,6,17,2,"T379, T299, T107, T13"
T382,C,Running,5,5,14,1,"T5, T345, T49, T263, T308"
T383,D,Not Running,4,6,4,7,"T329, T185"
T384,C,Not Running,1,7,13,9,"T85, T283, T307, T123, T97"
T385,B,Not Running,4,8,9,4,"T213, T123, T187"
T386,D,Not Running,2,8,1,2,"T361, T177, T101"
T387,C,Not Running,3,6,3,3,T382
T388,D,Not Running,1,5,3,4,
T389,C,Running,1,9,15,8,"T25, T362, T147, T150, T173"
T390,C,Not Running,2,8,16,6,"T328, T112"
T391,C,Running,2,9,3,1,"T9, T329, T364"
T392,A,Not Running,5,7,11,9,"T116, T232, T334"
T393,C,Running,3,8,2,10,"T143, T150, T304"
T394,B,Running,4,1,12,10,"T120, T387, T346, T13, T97"
T395,A,Not Running,2,8,1,8,"T245, T89, T201, T227"
T396,A,Running,2,8,14,9,
T397,A,Running,5,5,6,2,"T232, T159"
T398,A,Not Running,3,2,22,6,"T38, T219, T100"
T399,B,Not Running,1,2,7,2,T224
T400,A,Not Running,1,8,10,6,"T373, T321, T81, T354"
T401,D,Not Running,1,3,8,10,"T55, T371"
T402,D,Not Running,1,8,8,5,"T324, T330"
T403,A,Running,4,1,2,4,"T7, T53, T100, T56, T72"
T404,B,Not Running,2,4,15,1,"T40, T110, T101, T196"
T405,C,Not Running,1,9,12,6,"T300, T162, T64"
T406,C,Not Running,3,5,11,5,"T385, T300, T133, T377, T203"
T407,A,Running,4,2,17,10,"T289, T55, T41, T150, T339"
T408,B,Running,5,3,10,1,"T78, T224, T87, T327, T274"
T409,C,Running,1,1,1,9,"T331, T47"
T410,D,Running,3,8,9,2,"T264, T306, T41"
T411,A,Running,3,10,18,3,"T378, T104, T346, T357, T29"
T412,C,Running,1,10,13,1,"T196, T348, T364"
T413,C,Running,4,8,13,4,"T349, T276, T178"
T414,D,Running,2,4,5,1,T237
T415,A,Running,3,10,20,1,"T88, T116, T92, T234, T89"
T416,C,Not Running,3,7,17,8,"T220, T72, T149, T316, T140"
T417,D,Running,1,1,4,2,"T377, T373, T269"
T418,C,Running,3,10,11,5,
T419,D,Not Running,4,6,2,3,"T198, T389"
T420,B,Running,1,4,6,7,"T393, T322, T304, T211"
T421,C,Not Running,4,6,3,10,"T218, T162"
T422,B,Running,3,4,6,6,"T261, T408, T347, T411, T155"
T423,A,Running,2,4,18,6,"T123, T35, T165, T138"
T424,B,Not Running,4,7,11,3,"T378, T136"
T425,C,Running,3,3,13,6,
T426,B,Not Running,2,4,16,1,T228
T427,B,Running,3,7,12,3,"T237, T279, T111, T142, T13"
T428,C,Running,4,9,9,4,
T429,D,Running,1,7,9,1,"T390, T13, T346, T272"
T430,B,Running,5,6,1,9,"T237, T253, T293, T223, T7"
T431,D,Running,5,5,8,0,"T429, T234, T121, T77"
T432,C,Not Running,5,9,10,9,"T343, T152, T428, T33"
T433,A,Running,3,5,22,7,"T64, T269, T432, T364"
T434,B,Not Running,3,1,4,2,T143
T435,C,Not Running,1,3,3,9,T398
T436,C,Running,1,4,12,3,
T437,C,Running,2,2,18,2,T303
T438,C,Not Running,4,4,8,4,"T198, T181, T139, T53, T146"
T439,B,Not Running,2,3,11,9,"T333, T231, T181, T93, T58"
T440,D,Not Running,2,6,6,10,"T67, T305, T342, T371"
T441,B,Not Running,2,4,12,2,"T430, T433, T322, T283"
T442,A,Not Running,3,5,16,4,T2
T443,B,Not Running,1,9,16,8,T30
T444,B,Running,4,1,9,1,
T445,D,Not Running,4,10,5,2,"T435, T316, T193, T271, T185"
T446,C,Not Running,1,6,15,10,"T94, T247, T398"
T447,C,Running,5,9,12,3,"T10, T341, T263, T312"
T448,D,Not Running,2,1,3,5,"T7, T425, T182, T305, T159"
T449,D,Running,2,2,3,0,T23
T450,B,Not Running,5,8,13,9,T323
T451,C,Running,3,7,6,1,T372
T452,D,Running,2,7,2,4,"T443, T156, T237"
T453,A,Not Running,5,3,5,3,"T400, T9, T311, T5"
T454,D,Not Running,1,6,8,8,"T15, T371, T338"
T455,B,Not Running,5,3,5,0,
T456,D,Not Running,4,9,6,8,"T362, T48, T3, T170"
T457,C,Not Running,5,8,14,5,"T84, T455, T110, T259, T294"
T458,B,Running,2,10,1,6,"T163, T76, T107, T262, T424"
T459,A,Running,4,2,15,0,"T24, T422, T444, T450, T166"
T460,D,Not Running,3,7,1,10,"T121, T242"
T461,C,Running,2,8,17,0,"T317, T322, T256"
T462,B,Not Running,5,2,1,2,"T259, T37"
T463,A,Running,2,1,8,3,"T251, T379, T105"
T464,B,Not Running,5,4,3,1,T131
T465,B,Running,5,4,15,2,"T118, T352"
T466,A,Running,1,8,19,8,"T35, T0, T390, T72, T177"
T467,C,Not Running,2,10,10,0,"T110, T153"
T468,A,Not Running,1,3,18,10,"T41, T374, T335, T312, T252"
T469,C,Not Running,2,4,6,9,"T446, T432, T208"
T470,D,Running,1,7,8,6,"T93, T267, T394, T26"
T471,A,Running,4,3,18,9,"T93, T212, T104, T155, T465"
T472,C,Running,5,8,12,3,"T465, T340, T367"
T473,D,Running,5,5,8,1,"T129, T248, T365"
T474,A,Not Running,3,1,10,9,
T475,B,Not Running,1,2,2,0,"T263, T25, T440, T108"
T476,B,Running,1,2,10,7,"T387, T165"
T477,C,Not Running,1,9,14,4,"T363, T60, T63, T417, T160"
T478,B,Running,2,9,4,5,"T75, T354"
T479,C,Running,2,5,4,4,
T480,D,Running,1,2,7,10,"T193, T86"
T481,D,Not Running,4,1,10,10,"T118, T8, T80, T442, T445"
T482,A,Not Running,2,9,19,7,"T31, T83"
T483,B,Not Running,5,8,13,3,"T21, T348, T395, T148"
T484,A,Running,5,2,1,10,"T214, T445, T337, T18"
T485,A,Running,5,10,9,10,T223
T486,D,Running,5,3,2,6,T261
T487,C,Running,5,7,11,7,T212
T488,D,Not Running,4,8,1,4,T368
T489,A,Running,5,4,4,3,"T232, T255, T390, T481"
T490,C,Not Running,2,5,9,10,"T474, T15, T86, T150"
T491,B,Running,2,4,8,3,T215
T492,B,Not Running,2,5,3,8,"T10, T355, T303, T13"
T493,C,Running,2,9,15,9,T20
T494,A,Running,4,7,9,3,"T133, T387"
T495,D,Running,1,4,10,0,"T95, T250, T487"
T496,D,Not Running,5,6,2,4,
T497,C,Not Running,4,2,3,9,"T161, T209, T54, T470"
T498,D,Not Running,5,10,5,10,"T421, T56, T183, T57"
T499,A,Not Running,3,2,10,5,"T413, T460"
T500,D,Running,1,2,3,0,"T204, T257"
T501,C,Running,1,7,15,1,T318
T502,C,Not Running,1,1,9,3,"T222, T154, T242, T405, T35"
T503,D,Not Running,5,6,7,10,"T466, T50"
T504,C,Not Running,4,9,14,10,T437
T505,C,Not Running,5,6,16,2,
T506,A,Running,4,5,6,6,"T261, T228, T106, T345, T363"
T507,B,Not Running,5,10,9,9,"T331, T23, T482, T76, T427"
T508,D,Running,4,3,2,9,T97
T509,A,Not Running,2,8,19,9,"T281, T146, T75"
T510,A,Running,3,1,19,3,
T511,C,Running,2,9,16,1,T310
T512,B,Running,2,9,13,3,
T513,D,Running,3,8,9,6,
T514,C,Running,2,1,5,3,"T401, T340, T316"
T515,D,Not Running,3,6,6,8,T326
T516,B,Running,3,3,6,3,T308
T517,B,Not Running,1,2,16,1,
T518,D,Running,4,6,1,8,T517
T519,A,Running,2,7,10,0,
T520,D,Running,1,5,7,1,"T60, T99"
T521,A,Running,3,1,21,10,T51
T522,C,Running,1,4,5,2,T465
T523,D,Not Running,1,7,3,6,"T449, T32, T224, T313, T272"
T524,A,Not Running,4,2,9,10,"T387, T366"
T525,D,Running,1,2,8,1,
T526,A,Not Running,2,9,8,2,"T508, T352, T13"
T527,A,Not Running,4,1,7,5,"T83, T0, T38, T516, T425"
T528,C,Not Running,2,2,1,7,"T60, T37, T45, T40, T307"
T529,A,Running,2,1,11,6,T469
T530,D,Running,3,7,8,9,
T531,D,Running,5,2,2,9,T503
T532,D,Running,1,5,3,9,"T149, T60, T259, T130"
T533,A,Not Running,5,5,1,3,"T502, T496, T17, T454"
T534,B,Not Running,1,8,4,7,"T231, T485"
T535,A,Not Running,1,5,9,5,T104
T536,A,Running,5,3,7,3,"T213, T11"
T537,A,Not Running,4,6,18,1,T128
T538,D,Not Running,4,3,4,6,
T539,A,Running,3,8,21,5,T266
T540,A,Not Running,3,8,9,7,T413
T541,A,Running,5,1,8,5,"T36, T2, T232, T370, T496"
T542,D,Not Running,1,10,4,6,"T406, T48, T150, T411"
T543,D,Running,5,4,10,2,
T544,D,Running,5,10,1,2,
T545,B,Not Running,2,3,4,5,"T447, T528, T91, T72, T292"
T546,D,Running,4,10,9,8,"T374, T202, T20, T503"
T547,D,Running,2,3,10,0,"T144, T460"
T548,A,Not Running,1,9,9,8,T158
T549,B,Not Running,3,4,1,10,T142
T550,D,Not Running,2,1,4,4,"T182, T526, T19"
T551,A,Running,1,5,20,0,"T143, T12, T252"
T552,B,Running,3,1,10,5,
T553,D,Not Running,1,4,4,2,"T484, T378, T278"
T554,B,Not Running,2,2,14,6,
T555,A,Running,2,2,21,8,"T530, T394"
T556,B,Running,2,6,5,7,"T177, T88, T143, T89, T56"
T557,C,Not Running,4,9,2,5,"T75, T150, T232, T10, T384"
T558,D,Running,2,5,4,8,"T54, T29"
T559,C,Not Running,5,6,4,1,"T268, T5"
T560,B,Running,4,10,10,3,"T353, T273"
T561,D,Not Running,4,5,10,4,T158
T562,D,Not Running,5,1,8,10,"T262, T53"
T563,B,Not Running,5,8,1,10,"T335, T405, T265, T550"
T564,A,Running,4,1,9,7,"T244, T38, T274, T40"
T565,C,Running,3,10,8,7,"T416, T382"
T566,D,Not Running,1,6,2,1,"T293, T306, T393, T28, T162"
T567,A,Not Running,4,8,5,6,
T568,B,Not Running,3,5,16,5,T387
T569,A,Not Running,4,1,11,8,
T570,C,Running,4,4,8,8,
T571,D,Running,4,5,8,9,"T27, T374, T188"
T572,A,Not Running,5,5,9,4,"T140, T534, T567, T166"
T573,A,Not Running,1,6,2,0,"T83, T531, T256, T6"
T574,D,Running,4,4,4,10,
T575,B,Running,1,7,13,3,"T186, T76, T510, T172, T0"
T576,A,Not Running,5,5,18,2,"T481, T451"
T577,C,Running,1,8,3,4,"T309, T142, T127"
T578,B,Not Running,1,3,11,3,"T244, T26, T111, T257, T209"
T579,C,Not Running,3,8,5,7,"T204, T380, T396, T165"
T580,C,Not Running,3,3,7,4,"T292, T175"
T581,B,Running,4,2,10,2,"T358, T189, T1"
T582,C,Not Running,5,10,11,8,
T583,A,Running,4,3,11,10,"T486, T489"
T584,C,Not Running,5,5,14,2,"T261, T555"
T585,C,Not Running,4,5,5,1,"T58, T170, T535"
T586,D,Running,5,6,6,5,
T587,A,Not Running,3,7,17,4,T541
T588,D,Not Running,5,9,6,6,"T81, T457, T433, T578"
T589,C,Running,4,10,4,4,T35
T590,C,Running,4,7,18,5,"T302, T584, T114, T335, T548"
T591,B,Not Running,5,1,1,7,"T162, T584, T446"
T592,C,Not Running,2,2,2,1,
T593,C,Running,2,6,10,5,T145
T594,C,Not Running,1,9,2,3,"T470, T430, T234"
T595,A,Running,3,4,14,9,
T596,B,Not Running,3,6,6,8,"T354, T485, T464"
T597,D,Not Running,5,8,10,5,"T139, T573, T105"
T598,C,Running,4,1,10,8,"T436, T285, T34"
T599,B,Not Running,1,9,4,1,"T187, T418, T254"
T600,A,Not Running,4,8,20,2,
T601,C,Not Running,1,1,9,0,
T602,A,Running,1,5,4,7,"T554, T56, T528, T288"
T603,B,Not Running,3,10,11,0,T129
T604,B,Not Running,3,5,12,2,"T341, T469, T519"
T605,A,Running,2,4,5,6,
T606,A,Running,4,6,9,3,T577
T607,B,Running,5,5,5,8,"T326, T451, T14"
T608,C,Not Running,2,8,18,10,"T177, T550, T138, T307"
T609,D,Running,3,8,2,0,"T323, T510, T511"
T610,A,Not Running,1,10,16,1,"T131, T178, T87, T498"
T611,A,Running,4,5,2,0,"T27, T529, T437, T436"
T612,C,Not Running,4,7,9,4,"T411, T280, T101, T253, T381"
T613,C,Not Running,4,4,16,8,T577
T614,D,Running,1,7,5,1,"T538, T340"
T615,D,Running,2,2,7,8,"T250, T587, T475, T216, T437"
T616,C,Not Running,5,9,13,2,
T617,D,Not Running,5,7,1,2,T160
T618,B,Not Running,1,3,2,3,"T296, T123, T373, T378"
T619,C,Not Running,2,9,18,6,T349
T620,A,Not Running,5,1,9,0,"T127, T451, T426, T364"
T621,C,Running,5,9,9,5,"T150, T169, T460"
T622,D,Not Running,5,8,3,10,"T56, T225, T577, T140"
T623,B,Running,1,8,5,1,
T624,C,Running,3,3,16,2,"T479, T80"
T625,C,Running,3,9,16,6,
T626,C,Running,5,9,9,8,"T6, T76, T152, T585"
T627,D,Running,5,3,9,4,T564
T628,B,Running,4,10,4,5,"T257, T46, T23, T317, T104"
T629,A,Not Running,3,3,10,0,"T101, T289"
T630,B,Not Running,3,5,5,0,
T631,A,Not Running,3,5,19,10,
T632,A,Running,2,2,2,1,"T183, T34, T506"
T633,C,Not Running,4,10,10,1,"T392, T121, T290"
T634,B,Not Running,4,1,8,8,"T526, T123, T307, T499"
T635,B,Not Running,2,9,16,10,T8
T636,C,Not Running,2,7,10,3,"T58, T127, T626, T426"
T637,C,Not Running,5,1,2,1,T342
T638,B,Not Running,2,4,4,4,"T599, T524, T529"
T639,C,Running,2,1,9,8,
T640,C,Not Running,3,4,7,9,T351
T641,C,Running,3,6,8,9,"T46, T190, T620, T78, T558"
T642,A,Running,4,2,18,1,"T549, T164, T374, T412"
T643,B,Running,1,1,16,2,T431
T644,B,Running,2,2,15,3,"T67, T361, T392"
T645,C,Running,4,3,5,9,"T447, T213, T548, T420"
T646,B,Not Running,3,8,8,5,"T59, T168, T88, T111"
T647,B,Running,4,8,10,2,"T273, T101"
T648,D,Running,2,10,1,10,
T649,D,Not Running,3,4,7,2,T137
T650,B,Running,2,7,1,7,"T462, T297"
T651,C,Not Running,2,4,15,6,"T574, T601, T422, T21"
T652,B,Not Running,4,2,4,8,"T37, T373, T232"
T653,A,Not Running,2,9,18,2,"T48, T68, T355, T242, T598"
T654,D,Running,5,6,8,4,"T79, T625"
T655,A,Running,1,10,19,8,T501
T656,A,Running,2,8,3,4,"T582, T320, T331"
T657,C,Not Running,1,1,6,4,"T69, T273, T5, T134, T121"
T658,B,Running,1,5,3,1,"T210, T457"
T659,D,Running,1,5,8,7,"T194, T148, T157, T529, T599"
T660,D,Running,4,6,2,0,
T661,C,Not Running,3,4,3,8,T132
T662,C,Not Running,5,2,4,1,
T663,D,Running,2,7,7,7,"T294, T308"
T664,C,Not Running,1,10,5,10,"T244, T630, T634, T405, T276"
T665,B,Running,1,6,13,0,"T127, T206, T488, T195"
T666,A,Not Running,4,9,10,0,"T283, T514, T633"
T667,B,Not Running,4,2,14,9,"T210, T260, T383"
T668,C,Running,3,7,16,7,"T471, T609"
T669,D,Not Running,2,2,10,3,"T609, T30"
T670,D,Not Running,4,7,3,6,"T622, T103, T97"
T671,B,Not Running,5,5,9,9,"T134, T126, T361, T304"
T672,B,Not Running,3,7,12,4,"T444, T495"
T673,D,Running,4,7,4,6,T232
T674,B,Running,5,7,13,0,T30
T675,C,Running,1,2,8,0,"T650, T265"
T676,B,Running,2,5,14,6,
T677,D,Not Running,3,7,2,5,"T633, T493, T530, T478"
T678,D,Not Running,5,7,6,1,T40
T679,C,Not Running,4,3,4,9,T405
T680,D,Running,1,4,7,5,
T681,B,Not Running,4,3,8,1,"T14, T651, T530, T91, T413"
T682,A,Running,1,6,20,9,"T30, T515, T121, T176"
T683,C,Running,2,5,4,7,"T11, T535, T141, T286, T510"
T684,A,Not Running,5,7,4,9,"T249, T226, T29"
T685,C,Running,5,1,1,2,T626
T686,B,Not Running,3,9,11,7,"T85, T448, T560"
T687,A,Running,2,9,15,7,
T688,C,Running,3,6,8,10,
T689,D,Running,4,7,9,8,"T209, T183, T275"
T690,D,Running,1,8,5,1,"T321, T443, T601, T107"
T691,C,Not Running,1,5,8,5,T320
T692,B,Running,3,7,9,10,"T97, T627, T157, T383, T147"
T693,A,Running,1,1,8,1,T390
T694,B,Running,3,8,8,6,T518
T695,B,Not Running,3,8,13,10,"T165, T587"
T696,D,Running,3,8,8,5,"T480, T235, T546"
T697,B,Running,1,4,9,4,"T214, T129, T234"
T698,D,Not Running,5,3,3,4,"T566, T154"
T699,A,Not Running,5,7,6,4,T681
T700,C,Not Running,2,1,4,5,
T701,D,Not Running,1,6,2,4,"T518, T346, T179"
T702,A,Not Running,4,1,18,10,"T529, T312"
T703,A,Not Running,3,7,13,6,"T318, T370"
T704,B,Running,1,4,14,1,"T107, T676, T406, T22, T101"
T705,D,Not Running,1,3,8,6,"T236, T457, T335"
T706,B,Running,2,5,1,5,
T707,B,Not Running,4,10,2,7,"T639, T56, T479, T288"
T708,A,Not Running,4,9,1,4,T298
T709,B,Not Running,4,6,10,2,
T710,D,Running,5,7,6,3,
T711,B,Not Running,1,2,1,5,
T712,D,Running,3,3,2,7,
T713,C,Not Running,2,6,10,2,
T714,C,Not Running,2,2,15,3,
T715,C,Running,4,8,18,1,T162
T716,D,Running,2,9,2,3,"T472, T383, T372, T51, T116"
T717,C,Running,2,1,3,7,"T126, T364, T569"
T718,B,Running,5,3,3,7,
T719,C,Running,2,6,5,6,"T118, T604, T30, T192"
T720,A,Not Running,3,5,19,8,T248
T721,A,Running,3,5,15,8,
T722,C,Not Running,3,6,8,0,"T539, T78, T696, T460"
T723,A,Not Running,4,1,3,1,"T60, T582"
T724,A,Running,1,9,4,3,"T21, T214, T626"
T725,C,Running,3,8,9,1,
T726,B,Not Running,4,10,3,1,"T369, T439, T548, T321"
T727,C,Not Running,4,1,17,3,
T728,A,Running,1,8,19,10,"T203, T674, T381, T288"
T729,A,Running,4,6,18,4,"T650, T382, T369, T304"
T730,A,Running,4,4,1,8,"T352, T15, T316"
T731,C,Not Running,3,7,1,10,
T732,A,Not Running,3,4,10,2,T223
T733,D,Not Running,4,5,6,0,"T410, T669, T296"
T734,D,Running,4,5,7,7,T458
T735,B,Not Running,3,1,7,8,
T736,C,Running,4,9,17,9,"T200, T476, T428, T419, T4"
T737,B,Not Running,5,7,5,5,"T126, T164, T360, T673, T141"
T738,A,Running,2,3,5,8,"T426, T339, T504, T462"
T739,A,Not Running,3,2,15,10,T732
T740,D,Not Running,2,4,3,8,"T356, T249, T334, T34, T526"
T741,D,Not Running,1,10,10,9,"T62, T16, T27"
T742,D,Running,1,5,2,3,T324
T743,A,Not Running,4,9,2,7,"T703, T4"
T744,C,Running,2,8,7,0,"T118, T339, T408"
T745,C,Running,2,4,5,1,
T746,B,Not Running,2,7,8,3,"T540, T507"
T747,A,Running,5,9,6,10,T264
T748,D,Not Running,1,6,1,9,"T408, T300, T243, T600"
T749,C,Running,3,3,6,8,"T147, T459"
T750,B,Running,5,7,16,3,T393
T751,B,Running,1,3,14,6,T497
T752,C,Running,5,9,8,9,"T100, T418, T578, T15"
T753,B,Running,4,3,1,1,"T386, T437, T547, T130"
T754,A,Running,5,2,18,9,"T358, T200"
T755,D,Running,3,3,7,0,"T151, T367"
T756,A,Not Running,3,4,16,5,T287
T757,C,Running,1,10,14,4,
T758,C,Running,3,4,10,6,"T650, T682, T756"
T759,D,Running,5,6,1,1,"T338, T197, T650"
T760,D,Running,4,6,3,6,T673
T761,C,Not Running,4,1,12,4,"T527, T62, T423, T494"
T762,D,Running,3,4,2,7,"T702, T147"
T763,D,Not Running,2,2,10,6,"T298, T391, T507, T615, T229"
T764,C,Running,3,4,16,5,"T413, T243, T383, T720, T660"
T765,B,Not Running,2,5,13,4,T379
T766,A,Running,2,3,7,1,
T767,B,Running,3,6,5,1,"T624, T255, T699, T278"
T768,C,Not Running,4,2,14,8,"T682, T476, T46, T326"
T769,A,Running,3,3,13,4,T170
T770,D,Running,1,5,10,7,
T771,A,Not Running,4,6,15,10,"T143, T162, T499, T640, T732"
T772,B,Running,1,6,9,6,
T773,D,Not Running,2,1,2,0,"T170, T377, T249, T650, T87"
T774,D,Running,4,3,7,9,"T758, T725, T636, T411"
T775,D,Running,2,6,2,5,
T776,D,Running,1,4,1,10,"T284, T182"
T777,B,Running,1,9,6,10,
T778,A,Running,1,6,2,2,"T257, T191, T437, T525"
T779,C,Running,2,8,1,9,"T602, T726"
T780,D,Running,3,5,4,1,
T781,D,Running,4,3,2,4,"T2, T719"
T782,D,Running,1,2,5,9,"T101, T437, T30, T107, T96"
T783,D,Running,3,3,10,1,
T784,D,Not Running,4,5,1,2,"T764, T206, T381"
T785,D,Running,3,9,3,8,"T357, T441, T128, T446"
T786,C,Running,1,1,17,9,"T364, T181, T40"
T787,B,Not Running,2,1,3,6,"T297, T502, T492"
T788,B,Not Running,1,6,7,6,"T115, T433"
T789,C,Running,2,6,3,7,"T465, T542, T697, T70"
T790,A,Not Running,1,5,14,6,"T350, T500, T496"
T791,A,Running,3,6,10,9,"T68, T216, T388, T610"
T792,D,Not Running,1,3,3,2,"T445, T415"
T793,C,Not Running,1,3,10,6,"T567, T568, T33, T224, T400"
T794,A,Running,3,6,10,2,
T795,C,Not Running,4,9,6,7,"T737, T321, T357, T573, T533"
T796,B,Not Running,4,7,1,5,"T296, T152"
T797,D,Not Running,1,1,5,4,"T471, T691"
T798,B,Running,1,6,10,0,"T642, T747"
T799,D,Running,4,10,6,6,"T293, T429, T741, T410"
T800,A,Running,1,6,9,4,"T268, T662, T591"
T801,A,Not Running,3,9,5,6,"T423, T512, T545, T65, T122"
T802,B,Not Running,4,3,12,6,"T176, T419"
T803,C,Running,1,3,10,9,"T386, T281, T746"
T804,B,Running,3,5,7,4,"T689, T383, T715"
T805,A,Running,4,1,13,9,"T277, T411"
T806,C,Running,4,1,1,4,"T636, T417, T657"
T807,D,Running,1,10,8,1,T308
T808,A,Running,1,10,8,4,"T242, T57"
T809,C,Not Running,5,10,1,2,
T810,C,Not Running,1,5,17,6,"T366, T52, T604, T322, T228"
T811,D,Not Running,1,2,1,3,"T63, T281"
T812,B,Not Running,4,5,5,3,T620
T813,D,Running,3,1,7,0,"T533, T603"
T814,B,Not Running,3,7,8,10,"T305, T761, T676"
T815,C,Running,1,1,11,10,"T325, T698"
T816,A,Not Running,1,6,9,7,"T126, T43, T444, T421, T473"
T817,C,Running,1,8,1,3,"T206, T46, T364, T82"
T818,C,Running,2,8,17,5,"T213, T600"
T819,C,Not Running,3,2,1,0,
T820,D,Not Running,3,4,7,4,"T45, T693, T48"
T821,D,Running,1,2,8,0,"T53, T750"
T822,A,Running,1,6,13,5,
T823,A,Not Running,3,10,3,1,"T186, T155, T101, T709, T779"
T824,C,Running,2,5,8,9,T684
T825,A,Running,4,8,4,10,"T552, T215, T487"
T826,C,Not Running,1,8,13,1,
T827,B,Running,5,9,15,8,"T786, T16"
T828,B,Running,5,2,1,6,"T655, T569"
T829,B,Running,1,1,6,2,
T830,C,Not Running,1,10,17,1,"T472, T393"
T831,A,Running,5,3,13,0,"T714, T149, T723, T432"
T832,D,Running,1,4,5,10,"T724, T67"
T833,A,Not Running,3,7,6,1,"T424, T500, T295, T735, T323"
T834,D,Running,4,3,3,3,T277
T835,B,Running,1,9,9,10,"T14, T391, T29"
T836,A,Not Running,3,6,8,3,"T591, T640, T379, T205"
T837,D,Running,2,1,6,0,"T334, T115"
T838,C,Not Running,5,7,5,10,T235
T839,D,Running,2,3,7,10,T348
T840,B,Not Running,1,3,6,7,"T643, T119, T605"
T841,A,Not Running,2,8,12,8,
T842,B,Not Running,5,9,12,1,"T440, T731"
T843,D,Running,2,6,9,9,T615
T844,C,Running,1,6,13,0,"T503, T147, T387"
T845,A,Not Running,1,1,11,1,"T238, T134, T541, T672"
T846,A,Running,1,4,8,10,"T245, T212, T806, T367, T824"
T847,D,Not Running,2,4,10,6,"T575, T515, T675, T392, T647"
T848,D,Not Running,2,3,4,3,"T483, T348"
T849,C,Running,5,8,2,5,
T850,C,Running,4,6,11,10,"T52, T232, T400, T370, T480"
T851,B,Running,5,8,6,7,"T763, T166"
T852,B,Not Running,1,4,13,8,"T220, T44, T334, T102, T803"
T853,A,Running,4,4,4,3,T754
T854,C,Running,5,10,2,10,"T656, T108, T65"
T855,C,Not Running,1,1,3,1,
T856,D,Running,1,6,9,5,
T857,C,Running,2,3,7,6,"T603, T57, T732"
T858,D,Running,2,2,4,0,T485
T859,A,Running,3,10,7,10,"T505, T189, T787, T498, T233"
T860,A,Not Running,1,6,3,10,"T334, T525, T95"
T861,A,Running,4,5,19,7,"T133, T436"
T862,B,Not Running,1,9,11,8,"T681, T171, T593, T295, T330"
T863,A,Running,4,1,5,0,"T800, T80, T397"
T864,D,Not Running,5,9,10,5,
T865,C,Not Running,5,7,17,8,"T147, T198, T217"
T866,B,Not Running,4,5,14,1,T132
T867,B,Not Running,3,3,16,5,"T61, T591, T816, T158, T530"
T868,D,Running,2,8,2,0,"T696, T691"
T869,A,Not Running,2,4,19,6,"T179, T765, T188"
T870,C,Not Running,2,6,18,2,"T292, T866"
T871,B,Not Running,3,10,15,10,"T859, T435, T336"
T872,C,Not Running,1,5,9,5,"T499, T335, T674, T199, T671"
T873,D,Not Running,2,5,8,10,
T874,A,Not Running,4,2,10,8,
T875,C,Running,5,4,4,8,
T876,C,Not Running,3,8,3,7,"T865, T808, T213"
T877,C,Running,5,4,17,8,"T103, T483, T554"
T878,B,Not Running,4,4,5,9,"T401, T187"
T879,C,Not Running,3,6,7,0,"T305, T288, T687, T626"
T880,A,Running,3,6,3,1,T680
T881,D,Not Running,1,8,10,2,"T341, T533, T292, T344, T482"
T882,A,Running,2,3,1,6,"T452, T144, T820, T66, T554"
T883,B,Running,1,10,14,8,"T791, T345, T858"
T884,D,Running,1,6,10,9,"T536, T337, T401, T827"
T885,A,Not Running,4,9,12,1,"T72, T684, T537"
T886,A,Running,5,4,13,3,"T277, T94, T575"
T887,D,Not Running,2,10,1,9,"T880, T252, T115, T3, T835"
T888,D,Not Running,2,8,4,9,"T319, T144, T368, T684, T196"
T889,B,Running,5,10,9,0,T188
T890,D,Not Running,1,6,9,9,"T390, T686, T728, T321, T888"
T891,C,Not Running,5,1,5,9,"T11, T784"
T892,A,Running,1,1,9,5,"T78, T758, T141, T374, T850"
T893,A,Not Running,2,4,18,5,
T894,B,Running,2,6,14,10,"T662, T771, T234, T133, T847"
T895,C,Not Running,1,1,5,0,"T689, T430"
T896,C,Not Running,3,3,18,9,"T325, T347, T421, T888"
T897,D,Not Running,5,4,1,3,"T834, T579"
T898,A,Not Running,5,5,4,6,"T107, T8, T521, T529, T851"
T899,D,Not Running,4,1,2,8,"T37, T117, T868, T350"
T900,A,Not Running,1,4,19,5,"T435, T676, T887, T348, T619"
T901,D,Not Running,5,3,4,8,
T902,A,Running,1,9,5,0,
T903,B,Running,1,2,5,8,T304
T904,C,Not Running,2,10,7,10,"T676, T521, T183"
T905,B,Running,1,3,13,7,"T142, T782, T185"
T906,C,Running,4,7,13,6,"T28, T737"
T907,C,Not Running,2,5,16,5,"T722, T225"
T908,C,Running,1,6,10,4,"T327, T689, T150, T544, T111"
T909,A,Running,1,6,2,8,"T72, T593"
T910,B,Running,5,9,12,4,T493
T911,A,Running,5,1,18,10,"T840, T771, T585, T882, T756"
T912,D,Running,1,5,3,9,T695
T913,C,Not Running,3,9,10,0,"T550, T739, T72, T441"
T914,A,Not Running,4,4,10,9,"T215, T876, T472"
T915,C,Running,4,10,1,1,
T916,D,Not Running,2,9,9,3,"T157, T141, T568"
T917,C,Not Running,3,9,7,8,
T918,D,Running,1,7,2,4,"T724, T620, T60"
T919,D,Not Running,3,8,9,5,T886
T920,C,Not Running,3,6,18,10,"T859, T910, T896, T787"
T921,B,Running,4,7,14,2,
T922,C,Not Running,5,4,6,2,"T788, T495"
T923,A,Running,5,2,18,5,"T23, T216"
T924,C,Running,2,7,15,8,
T925,B,Running,1,10,7,1,
T926,A,Not Running,5,6,17,1,"T228, T315, T905, T562, T352"
T927,A,Running,4,7,6,1,T923
T928,D,Running,2,1,6,5,"T546, T53"
T929,C,Not Running,2,2,3,8,"T635, T477, T696"
T930,C,Running,4,5,9,2,"T805, T28, T479"
T931,A,Not Running,5,1,22,7,"T740, T141, T894, T35, T91"
T932,C,Running,5,6,7,0,T96
T933,C,Running,3,4,6,3,T348
T934,C,Running,2,10,11,4,"T888, T399"
T935,C,Running,2,7,15,5,"T307, T591, T408"
T936,C,Running,2,5,7,0,"T22, T143, T635"
T937,B,Running,1,9,10,9,"T3, T43"
T938,C,Running,1,1,12,6,
T939,A,Running,3,2,14,1,"T151, T867, T788, T71"
T940,B,Running,2,1,16,10,T282
T941,C,Running,3,5,11,7,"T718, T598, T858, T653, T741"
T942,A,Not Running,2,8,17,2,"T882, T800, T646"
T943,C,Running,5,10,9,1,"T818, T164, T222, T221, T799"
T944,A,Not Running,1,8,11,2,"T518, T640"
T945,C,Running,2,10,8,5,
T946,C,Running,4,1,1,1,"T321, T849, T411, T307, T767"
T947,B,Not Running,2,9,7,9,T378
T948,D,Not Running,2,5,1,5,"T739, T613"
T949,C,Running,3,4,13,4,"T631, T612, T502, T593, T506"
T950,B,Running,5,4,1,8,"T50, T574, T298"
T951,A,Running,3,4,22,5,"T279, T931, T727, T418"
T952,D,Running,5,8,3,7,
T953,D,Not Running,3,1,4,9,T89
T954,A,Running,1,7,17,0,"T259, T904"
T955,A,Running,4,5,16,2,"T371, T717"
T956,A,Not Running,1,6,10,6,"T497, T409, T240, T453"
T957,C,Running,4,4,9,2,"T954, T700, T360, T278"
T958,A,Running,2,1,18,8,"T192, T885"
T959,D,Running,2,10,8,4,"T98, T327"
T960,A,Running,2,4,22,5,"T690, T790"
T961,D,Running,2,2,9,1,"T662, T737"
T962,D,Not Running,1,6,1,6,T203
T963,B,Running,2,5,10,2,T655
T964,D,Running,2,9,4,5,"T397, T660, T110, T541"
T965,B,Running,2,6,15,3,"T134, T163"
T966,D,Running,1,1,10,4,"T700, T33, T186, T402"
T967,C,Not Running,4,5,6,8,"T241, T876, T438"
T968,B,Not Running,3,7,3,9,T859
T969,B,Running,1,4,1,2,"T503, T425"
T970,A,Not Running,5,4,1,4,T205
T971,A,Not Running,2,4,4,1,"T582, T293, T84"
T972,C,Not Running,5,1,7,1,"T474, T622, T905, T951"
T973,C,Not Running,5,3,10,7,"T158, T369, T537, T446"
T974,A,Running,5,1,3,8,"T345, T109, T961, T330, T58"
T975,D,Not Running,5,7,5,3,"T563, T521, T168"
T976,B,Not Running,2,1,5,5,"T327, T397"
T977,B,Running,1,1,12,8,"T972, T291"
T978,C,Running,2,9,15,3,"T499, T298, T690, T609"
T979,C,Running,3,5,13,2,"T843, T887, T767, T896, T597"
T980,B,Running,2,4,8,8,
T981,D,Not Running,3,7,4,4,"T725, T514"
T982,D,Not Running,3,4,8,3,
T983,B,Not Running,2,5,14,5,T257
T984,C,Running,2,8,8,0,"T251, T538, T550, T957, T662"
T985,B,Running,1,9,1,3,
T986,B,Running,2,4,5,9,"T684, T413, T741, T68"
T987,D,Running,3,4,5,5,
T988,A,Running,4,3,5,10,T835
T989,D,Not Running,1,6,6,9,"T50, T786, T297, T204, T264"
T990,C,Not Running,1,4,5,8,"T409, T653, T208"
T991,A,Not Running,3,4,7,4,"T221, T561, T583, T908"
T992,A,Not Running,1,1,2,5,"T802, T830, T581, T919, T478"
T993,C,Not Running,5,8,2,1,
T994,D,Running,5,10,8,3,
T995,B,Running,4,3,5,5,"T950, T925"
T996,C,Not Running,4,3,12,0,"T100, T921"
T997,B,Running,4,6,10,4,"T15, T840, T928, T20"
T998,C,Running,2,9,3,2,"T853, T743, T702, T905, T587"
T999,A,Running,5,1,20,9,"T612, T140, T953, T840"
